vint_moyy,fico_bkt,fico_bkt_coupon
201008,660-700,0.0839
201010,580-620,0.0995
201010,660-700,0.08923333333333333
201011,660-700,0.039
201012,660-700,0.09102
201101,540-580,0.1645
201101,620-660,0.10783333333333334
201101,660-700,0.08515
201101,700-740,0.05740000000000001
201101,740+,0.0852
201102,620-660,0.11283333333333334
201102,660-700,0.07580769230769231
201102,700-740,0.06922500000000001
201102,740+,0.06011999999999999
201103,540-580,0.1595
201103,580-620,0.0825
201103,620-660,0.1045
201103,660-700,0.07266
201103,700-740,0.061270000000000005
201103,740+,0.06268
201104,580-620,0.1285
201104,620-660,0.12275
201104,660-700,0.0702125
201104,700-740,0.07295217391304347
201104,740+,0.0516
201104,<540,0.1475
201105,540-580,0.1295
201105,580-620,0.1251
201105,620-660,0.0942
201105,660-700,0.0692875
201105,700-740,0.04806774193548387
201105,740+,0.04581875
201106,540-580,0.1255
201106,580-620,0.1195
201106,620-660,0.08446000000000001
201106,660-700,0.06189350649350649
201106,700-740,0.05121764705882353
201106,740+,0.04322769230769231
201106,<540,0.0695
201107,540-580,0.127
201107,580-620,0.1111
201107,620-660,0.09101000000000001
201107,660-700,0.05545
201107,700-740,0.04716373626373627
201107,740+,0.04282987804878049
201107,<540,0.1095
201108,540-580,0.13583333333333333
201108,580-620,0.09783333333333333
201108,620-660,0.0963
201108,660-700,0.05910672268907564
201108,700-740,0.04753963963963964
201108,740+,0.04229747474747475
201109,540-580,0.1413
201109,580-620,0.11814285714285715
201109,620-660,0.09112105263157894
201109,660-700,0.058352499999999995
201109,700-740,0.050426470588235295
201109,740+,0.042072549019607844
201109,<540,0.11616666666666665
201110,540-580,0.1255
201110,580-620,0.12516666666666668
201110,620-660,0.08864761904761904
201110,660-700,0.056888372093023255
201110,700-740,0.047820967741935484
201110,740+,0.040108988764044944
201111,540-580,0.09133333333333334
201111,580-620,0.11133333333333334
201111,620-660,0.08981935483870969
201111,660-700,0.04977836879432624
201111,700-740,0.03529815498154981
201111,740+,0.025929577464788734
201111,<540,0.1245
201112,540-580,0.13433333333333333
201112,580-620,0.10965384615384616
201112,620-660,0.094314
201112,660-700,0.047773654390934846
201112,700-740,0.03859842105263158
201112,740+,0.02736251497005988
201112,<540,0.1025
201201,540-580,0.13370833333333335
201201,580-620,0.11408275862068966
201201,620-660,0.09192368421052632
201201,660-700,0.05807545454545455
201201,700-740,0.04725114006514658
201201,740+,0.03584941176470589
201201,<540,0.1295
201202,540-580,0.13505
201202,580-620,0.1286313725490196
201202,620-660,0.08569186046511629
201202,660-700,0.059471972789115646
201202,700-740,0.04905269978401728
201202,740+,0.03827435549525102
201202,<540,0.1301357142857143
201203,540-580,0.1401653846153846
201203,580-620,0.11931704545454545
201203,620-660,0.0955543046357616
201203,660-700,0.054606384892086336
201203,700-740,0.04154174135723431
201203,740+,0.03014425675675676
201203,<540,0.12743529411764706
201204,540-580,0.12993125
201204,580-620,0.11695577889447237
201204,620-660,0.0968165191740413
201204,660-700,0.05708366464995678
201204,700-740,0.04347416387959866
201204,740+,0.03067067901234568
201204,<540,0.11197857142857144
201205,540-580,0.12719757575757576
201205,580-620,0.11568282548476454
201205,620-660,0.09949103773584905
201205,660-700,0.06574777353689568
201205,700-740,0.05125296343001261
201205,740+,0.037038920780711825
201205,<540,0.1238093023255814
201206,540-580,0.12513513513513513
201206,580-620,0.11416331658291456
201206,620-660,0.09436515625
201206,660-700,0.06611012916383413
201206,700-740,0.05282416212003117
201206,740+,0.036703512084592146
201206,<540,0.12722340425531914
201207,540-580,0.11632258064516128
201207,580-620,0.10914008097165992
201207,620-660,0.0883703007518797
201207,660-700,0.06264870588235294
201207,700-740,0.04814432186891628
201207,740+,0.03277139423076923
201207,<540,0.12023076923076922
201208,540-580,0.10787206477732794
201208,580-620,0.10803432494279176
201208,620-660,0.08607484355444305
201208,660-700,0.06106324324324324
201208,700-740,0.04496982922201139
201208,740+,0.02979678253375467
201208,<540,0.08033928571428571
201209,540-580,0.10832666666666667
201209,580-620,0.1049997668997669
201209,620-660,0.08514228723404256
201209,660-700,0.06048923476005188
201209,700-740,0.044124130737134906
201209,740+,0.029341982323232322
201209,<540,0.0923392523364486
201210,540-580,0.1080164835164835
201210,580-620,0.10439859813084112
201210,620-660,0.0858053876478318
201210,660-700,0.05920408945686901
201210,700-740,0.043133379597501735
201210,740+,0.027760968137254902
201210,<540,0.08185194805194805
201211,540-580,0.10292893617021277
201211,580-620,0.10552279792746114
201211,620-660,0.08433401015228427
201211,660-700,0.05754054534676941
201211,700-740,0.04101284403669725
201211,740+,0.02487353805073431
201211,<540,0.07882884615384615
201212,540-580,0.09360442804428044
201212,580-620,0.09949132653061224
201212,620-660,0.08029931972789116
201212,660-700,0.053579867256637166
201212,700-740,0.03814918140144073
201212,740+,0.02233231315147483
201212,<540,0.05787964071856288
201301,540-580,0.09908118279569894
201301,580-620,0.10371799410029499
201301,620-660,0.081520700152207
201301,660-700,0.055538791540785504
201301,700-740,0.04073689530685921
201301,740+,0.02397866554527614
201301,<540,0.08175217391304349
201302,540-580,0.11242090592334496
201302,580-620,0.10998466257668711
201302,620-660,0.08431083550913837
201302,660-700,0.05737137276785714
201302,700-740,0.04121051893408134
201302,740+,0.024706679184549354
201302,<540,0.08238013245033113
201303,540-580,0.1058391061452514
201303,580-620,0.10596392617449664
201303,620-660,0.08460412796697628
201303,660-700,0.05872132851333032
201303,700-740,0.041767695700110255
201303,740+,0.025064651263226084
201303,<540,0.07911011235955057
201304,540-580,0.0987737160120846
201304,580-620,0.10539332096474954
201304,620-660,0.0834543630892678
201304,660-700,0.058491393078970715
201304,700-740,0.04086820895522388
201304,740+,0.02416651289578528
201304,<540,0.07932941176470588
201305,540-580,0.10248556701030928
201305,580-620,0.09847013651877133
201305,620-660,0.07638381665107578
201305,660-700,0.05581785714285714
201305,700-740,0.039117945205479454
201305,740+,0.02183772635814889
201305,<540,0.07351590909090909
201306,540-580,0.0975888524590164
201306,580-620,0.0997027633851468
201306,620-660,0.07791761308950915
201306,660-700,0.056480463718334054
201306,700-740,0.04110378071833649
201306,740+,0.022300961712937762
201306,<540,0.07303854748603351
201307,540-580,0.1001318493150685
201307,580-620,0.10149643527204502
201307,620-660,0.07684248120300752
201307,660-700,0.05482472910216719
201307,700-740,0.038315105485232065
201307,740+,0.021124481845098957
201307,<540,0.07115530726256984
201308,540-580,0.09865403726708075
201308,580-620,0.10153547297297298
201308,620-660,0.07858532360984503
201308,660-700,0.055889992877492876
201308,700-740,0.03802207792207792
201308,740+,0.021225622723962126
201308,<540,0.07121756756756757
201309,540-580,0.09112879256965944
201309,580-620,0.10356672967863895
201309,620-660,0.08022716942148761
201309,660-700,0.05526807708420612
201309,700-740,0.038214627414903404
201309,740+,0.02208537638121547
201309,<540,0.06676636363636364
201310,540-580,0.09453589743589744
201310,580-620,0.10684780793319416
201310,620-660,0.0775873417721519
201310,660-700,0.056862288135593214
201310,700-740,0.03931965185524507
201310,740+,0.024223202385128026
201310,<540,0.0679807531380753
201311,540-580,0.0954540625
201311,580-620,0.1053421550094518
201311,620-660,0.07907989528795811
201311,660-700,0.058755555555555554
201311,700-740,0.04187714687939934
201311,740+,0.025809769687964338
201311,<540,0.07362510822510823
201312,540-580,0.07990302267002519
201312,580-620,0.09700840950639854
201312,620-660,0.07725591623036648
201312,660-700,0.056036322314049584
201312,700-740,0.03926455094991364
201312,740+,0.023583742236024843
201312,<540,0.05988861538461538
201401,540-580,0.09438275862068965
201401,580-620,0.1001576064908722
201401,620-660,0.07917721639656816
201401,660-700,0.056876979293544454
201401,700-740,0.04059870729455217
201401,740+,0.023697680055401665
201401,<540,0.07373820754716981
201402,540-580,0.10289729064039409
201402,580-620,0.10346510172143975
201402,620-660,0.07947708688245315
201402,660-700,0.05869602977667494
201402,700-740,0.04149353544360231
201402,740+,0.025861392949269132
201402,<540,0.07828483606557378
201403,540-580,0.09624961439588689
201403,580-620,0.10158533501896333
201403,620-660,0.07863459563543003
201403,660-700,0.05813840283455982
201403,700-740,0.04139723916532906
201403,740+,0.024757457150166282
201403,<540,0.08187884615384615
201404,540-580,0.08877280701754385
201404,580-620,0.09835483333333334
201404,620-660,0.07776221877424361
201404,660-700,0.0562865366165654
201404,700-740,0.040737766888344414
201404,740+,0.024472244039270688
201404,<540,0.06735617021276595
201405,540-580,0.08625809768637532
201405,580-620,0.09370413589364845
201405,620-660,0.07676049300466356
201405,660-700,0.05582570742124933
201405,700-740,0.03778101714961561
201405,740+,0.02243280315848844
201405,<540,0.06727423076923077
201406,540-580,0.07737963917525773
201406,580-620,0.09411397306397307
201406,620-660,0.07485348484848485
201406,660-700,0.05545972144846797
201406,700-740,0.03800245319561007
201406,740+,0.02240512356841471
201406,<540,0.0574965625
201407,540-580,0.0766497461928934
201407,580-620,0.09473544520547945
201407,620-660,0.07449993569131833
201407,660-700,0.0489846357615894
201407,700-740,0.0324447
201407,740+,0.018653519351935193
201407,<540,0.05415506493506493
201408,540-580,0.0791544757033248
201408,580-620,0.0974159420289855
201408,620-660,0.07707310972143262
201408,660-700,0.05169470956596847
201408,700-740,0.03267933458294283
201408,740+,0.01861431926851774
201408,<540,0.05682245508982036
201409,540-580,0.08026383495145631
201409,580-620,0.09962400611620795
201409,620-660,0.07754696586599241
201409,660-700,0.05473586797066014
201409,700-740,0.03509670494258612
201409,740+,0.021257786062517926
201409,<540,0.058621463414634145
201410,540-580,0.0765426724137931
201410,580-620,0.09647589285714286
201410,620-660,0.07752950310559006
201410,660-700,0.05725852396514161
201410,700-740,0.03876916451335056
201410,740+,0.023534487903655546
201410,<540,0.05571058201058201
201411,540-580,0.07717299270072993
201411,580-620,0.09815969899665553
201411,620-660,0.07819272959183673
201411,660-700,0.05844474909467149
201411,700-740,0.03811285433623351
201411,740+,0.023712542027508915
201411,<540,0.05635782122905028
201412,540-580,0.0607046511627907
201412,580-620,0.09792059800664452
201412,620-660,0.07920851370851371
201412,660-700,0.05617936788874842
201412,700-740,0.034342316203589865
201412,740+,0.02229013785790032
201412,<540,0.051183436532507745
201501,540-580,0.07685479115479116
201501,580-620,0.1008644094488189
201501,620-660,0.07995654911838791
201501,660-700,0.05833194410394705
201501,700-740,0.03851918337762745
201501,740+,0.024227653767423727
201501,<540,0.05931230366492146
201502,540-580,0.08570000000000001
201502,580-620,0.1001904109589041
201502,620-660,0.08092105868814731
201502,660-700,0.05806684759009987
201502,700-740,0.038987118162443754
201502,740+,0.02457485398094067
201502,<540,0.06376390134529149
201503,540-580,0.08160158172231986
201503,580-620,0.09989698924731183
201503,620-660,0.07985846294602013
201503,660-700,0.056340555190538766
201503,700-740,0.037036164007548465
201503,740+,0.022103669857847404
201503,<540,0.057416666666666664
201504,540-580,0.07245963963963964
201504,580-620,0.10191586608442503
201504,620-660,0.0764165161975571
201504,660-700,0.05589036526276556
201504,700-740,0.03627003108429329
201504,740+,0.02182851556509738
201504,<540,0.04996242661448141
201505,540-580,0.06946934156378602
201505,580-620,0.09943841807909605
201505,620-660,0.07468444142921754
201505,660-700,0.05389909341104096
201505,700-740,0.03148888583596648
201505,740+,0.018707232084155163
201505,<540,0.05292247422680413
201506,540-580,0.06876359832635984
201506,580-620,0.09900481727574752
201506,620-660,0.07522423312883435
201506,660-700,0.054405497872340426
201506,700-740,0.032373118443059144
201506,740+,0.01980987328405491
201506,<540,0.04991606606606607
201507,540-580,0.06570964125560538
201507,580-620,0.1021291296625222
201507,620-660,0.07543355704697986
201507,660-700,0.05400146217418945
201507,700-740,0.032968091246392744
201507,740+,0.019844754757437685
201507,<540,0.049969970845481056
201508,540-580,0.07459089219330856
201508,580-620,0.10406814921090388
201508,620-660,0.07527132125497128
201508,660-700,0.05524996380483567
201508,700-740,0.03191908207099254
201508,740+,0.019217221431114276
201508,<540,0.050072248062015504
201509,540-580,0.07182038095238095
201509,580-620,0.10066783919597991
201509,620-660,0.07799037639007698
201509,660-700,0.055226953467954344
201509,700-740,0.033392126496616346
201509,740+,0.02064785433164209
201509,<540,0.05216973500697351
201510,540-580,0.0677096062992126
201510,580-620,0.10344662721893491
201510,620-660,0.07724732824427481
201510,660-700,0.05672106211869107
201510,700-740,0.03753295504146661
201510,740+,0.022317727562062382
201510,<540,0.052110728476821196
201511,540-580,0.07166260162601626
201511,580-620,0.10371887755102041
201511,620-660,0.07660833001195695
201511,660-700,0.0566036805353506
201511,700-740,0.03582352442812765
201511,740+,0.02155282297639341
201511,<540,0.056016639477977165
201512,540-580,0.06023535825545172
201512,580-620,0.1014749054224464
201512,620-660,0.07764198830409356
201512,660-700,0.05709384511784512
201512,700-740,0.03604253117537808
201512,740+,0.02305793654568806
201512,<540,0.0508374062165059
201601,540-580,0.07609975845410628
201601,580-620,0.10546304878048782
201601,620-660,0.0788185347985348
201601,660-700,0.05983483146067416
201601,700-740,0.03928685410334347
201601,740+,0.025165721715188907
201601,<540,0.057893388429752064
201602,540-580,0.07579574468085107
201602,580-620,0.10585550193050193
201602,620-660,0.08127627176510754
201602,660-700,0.061434883720930235
201602,700-740,0.04190180483696306
201602,740+,0.02630364404128871
201602,<540,0.05683164362519201
201603,540-580,0.06907176470588235
201603,580-620,0.10697835365853658
201603,620-660,0.07846286775207084
201603,660-700,0.05901778555219365
201603,700-740,0.038924763722282804
201603,740+,0.02492950028940768
201603,<540,0.05478114754098361
201604,540-580,0.06570448430493274
201604,580-620,0.10462655172413794
201604,620-660,0.07608228990411732
201604,660-700,0.058330804597701146
201604,700-740,0.03774979530453672
201604,740+,0.023367776682624613
201604,<540,0.052889898989898994
201605,540-580,0.06940646464646465
201605,580-620,0.1032177966101695
201605,620-660,0.07162455026455027
201605,660-700,0.055939626538163666
201605,700-740,0.036979083570750235
201605,740+,0.021679849000740194
201605,<540,0.05626309226932668
201606,540-580,0.07369347408829174
201606,580-620,0.1035562002275313
201606,620-660,0.07346474155356628
201606,660-700,0.058344228213404216
201606,700-740,0.03937817934782609
201606,740+,0.023599765545361875
201606,<540,0.05473942652329749
201607,540-580,0.07689031078610603
201607,580-620,0.10671840215439855
201607,620-660,0.07353700986592461
201607,660-700,0.057304835893854746
201607,700-740,0.03803179099779666
201607,740+,0.02342961998654302
201607,<540,0.05886220779220779
201608,540-580,0.09161910447761194
201608,580-620,0.10799447300771209
201608,620-660,0.080001426187225
201608,660-700,0.057429128986197044
201608,700-740,0.036349220867208674
201608,740+,0.022360803318411435
201608,<540,0.06904204204204203
201609,540-580,0.09866287051482059
201609,580-620,0.11028721212121213
201609,620-660,0.08306601206520343
201609,660-700,0.05964114145205125
201609,700-740,0.03854037186038926
201609,740+,0.02372312515317376
201609,<540,0.07288646543330088
201610,540-580,0.10151362229102166
201610,580-620,0.10940348735832607
201610,620-660,0.08435928515928516
201610,660-700,0.06112223265169293
201610,700-740,0.040904113434545974
201610,740+,0.025352459121513307
201610,<540,0.07163256704980843
201611,540-580,0.10071393143690736
201611,580-620,0.10783516022761305
201611,620-660,0.08322031491997936
201611,660-700,0.06017081116584565
201611,700-740,0.039773901673640165
201611,740+,0.023919649698960044
201611,<540,0.06852091324200914
201612,540-580,0.09361224358974359
201612,580-620,0.10584513395297977
201612,620-660,0.0820254078978482
201612,660-700,0.059603311927696516
201612,700-740,0.03974431028359799
201612,740+,0.024484813668914692
201612,<540,0.06214982578397213
201701,540-580,0.10772481804949054
201701,580-620,0.10939963998892274
201701,620-660,0.08699533495736907
201701,660-700,0.06432346628741355
201701,700-740,0.044153258883883884
201701,740+,0.028330461109642695
201701,<540,0.07467272727272727
201702,540-580,0.10172693474962063
201702,580-620,0.10773003780168654
201702,620-660,0.08729851358277807
201702,660-700,0.06611025641025642
201702,700-740,0.046692885757701336
201702,740+,0.030311573379863135
201702,<540,0.07852358604091457
201703,540-580,0.10048924187725633
201703,580-620,0.1079015944645006
201703,620-660,0.08924954061006983
201703,660-700,0.06663272311212814
201703,700-740,0.04720716083564057
201703,740+,0.03095857813362783
201703,<540,0.07561308108108107
201704,540-580,0.09936789473684211
201704,580-620,0.10943632168754121
201704,620-660,0.08792231118227917
201704,660-700,0.06592189349112426
201704,700-740,0.045722183053454685
201704,740+,0.028478279759200364
201704,<540,0.07284033214709372
201705,540-580,0.0979311992786294
201705,580-620,0.10903529853548628
201705,620-660,0.08571915511551155
201705,660-700,0.06407255141388174
201705,700-740,0.04468023249055507
201705,740+,0.0279613136471659
201705,<540,0.07124445797807552
201706,540-580,0.0966874060150376
201706,580-620,0.1091011328125
201706,620-660,0.08658327070494513
201706,660-700,0.06518116969428445
201706,700-740,0.04548309799491669
201706,740+,0.028669261496492595
201706,<540,0.06961036269430053
201707,540-580,0.10174817586529467
201707,580-620,0.10998914248451255
201707,620-660,0.08662079436258809
201707,660-700,0.06457241807024416
201707,700-740,0.04363201466963266
201707,740+,0.02779533469596321
201707,<540,0.07072690140845071
201708,540-580,0.10102190179267341
201708,580-620,0.10969618204031766
201708,620-660,0.08866552317717939
201708,660-700,0.0666300243948208
201708,700-740,0.04542389426399447
201708,740+,0.02976959199211752
201708,<540,0.07180244498777506
201709,540-580,0.10289006622516557
201709,580-620,0.11128047976011994
201709,620-660,0.08919660600098377
201709,660-700,0.06621967868935738
201709,700-740,0.04509682129551737
201709,740+,0.02872836674926785
201709,<540,0.07273900621118012
201710,540-580,0.10228528
201710,580-620,0.11138084314941103
201710,620-660,0.0903625115909392
201710,660-700,0.06832291569632044
201710,700-740,0.04794688170644469
201710,740+,0.030450112093503613
201710,<540,0.07152503022974607
201711,540-580,0.09910924956369982
201711,580-620,0.1107735628342246
201711,620-660,0.08902235327963177
201711,660-700,0.06648298569933729
201711,700-740,0.04634880237545365
201711,740+,0.029287616937469226
201711,<540,0.07068650602409639
201712,540-580,0.0994817472698908
201712,580-620,0.11292736227654142
201712,620-660,0.08762609970674487
201712,660-700,0.06479591823056301
201712,700-740,0.04430854675042281
201712,740+,0.02854768380417617
201712,<540,0.06315261756876664
201801,540-580,0.10670139494333042
201801,580-620,0.11442240549828178
201801,620-660,0.0903802055001511
201801,660-700,0.06831293939602394
201801,700-740,0.047640175914291386
201801,740+,0.03026711771607352
201801,<540,0.07683840206185567
201802,540-580,0.11330541290770299
201802,580-620,0.11578527827648115
201802,620-660,0.09141362242663163
201802,660-700,0.06934807801017524
201802,700-740,0.04751520503868009
201802,740+,0.029739550502379693
201802,<540,0.08748718954248366
201803,540-580,0.11469638743455497
201803,580-620,0.11659701422906461
201803,620-660,0.09418564114775568
201803,660-700,0.07044167574073013
201803,700-740,0.049240007401924496
201803,740+,0.030789496313076443
201803,<540,0.08605036958817318
201804,540-580,0.11420670640834575
201804,580-620,0.11740748379493224
201804,620-660,0.09380873082287308
201804,660-700,0.07062475144987572
201804,700-740,0.04902011073633297
201804,740+,0.0305275787297345
201804,<540,0.08389183673469387
201805,540-580,0.11511674911660777
201805,580-620,0.11991241319444444
201805,620-660,0.09805203919491526
201805,660-700,0.07477428361498897
201805,700-740,0.053425530845583616
201805,740+,0.034475520731468805
201805,<540,0.08330561097256857
201806,540-580,0.116969992609017
201806,580-620,0.12142375917767988
201806,620-660,0.10073252091145082
201806,660-700,0.07817974243209236
201806,700-740,0.05645128132721496
201806,740+,0.03769780315848844
201806,<540,0.08772764705882354
201807,540-580,0.11736464011180993
201807,580-620,0.1206448002266931
201807,620-660,0.10199184549356223
201807,660-700,0.07843018786127168
201807,700-740,0.05710511186350661
201807,740+,0.03800024496608162
201807,<540,0.08838898203592814
201808,540-580,0.11766945606694561
201808,580-620,0.12015446376811593
201808,620-660,0.1020988430682618
201808,660-700,0.0799854578488372
201808,700-740,0.05802773228666171
201808,740+,0.039093791622495856
201808,<540,0.08711425030978934
201809,540-580,0.11757758913412565
201809,580-620,0.12036971320516862
201809,620-660,0.10236199123356293
201809,660-700,0.0805419385719984
201809,700-740,0.05812451096621221
201809,740+,0.039799204723460664
201809,<540,0.0920469304229195
201810,540-580,0.11631533333333334
201810,580-620,0.11986800664451827
201810,620-660,0.10283392296247314
201810,660-700,0.07983122998355406
201810,700-740,0.0592270487412962
201810,740+,0.04081876385809313
201810,<540,0.0871117048346056
201811,540-580,0.11803081967213115
201811,580-620,0.12254573509015257
201811,620-660,0.10339713274336283
201811,660-700,0.08101666516448851
201811,700-740,0.0603507179690599
201811,740+,0.04186882321138944
201811,<540,0.08471123287671233
201812,540-580,0.11546306235201262
201812,580-620,0.12221975717439294
201812,620-660,0.10372284529390552
201812,660-700,0.08028694509874977
201812,700-740,0.05951636206761315
201812,740+,0.04129550807682341
201812,<540,0.07912841191066997
201901,540-580,0.12003177933177933
201901,580-620,0.12217110586648686
201901,620-660,0.10416974143955277
201901,660-700,0.08205294386125057
201901,700-740,0.06199508120453392
201901,740+,0.04414349039566574
201901,<540,0.08967407407407407
201902,540-580,0.12059108781127129
201902,580-620,0.12120380005846243
201902,620-660,0.10410782149712093
201902,660-700,0.08254756840287247
201902,700-740,0.06301515860634425
201902,740+,0.044658597344551076
201902,<540,0.09184623338257016
201903,540-580,0.1222238283177109
201903,580-620,0.12193696301401333
201903,620-660,0.10600120097099783
201903,660-700,0.08334966393382082
201903,700-740,0.06393830235005261
201903,740+,0.04587867707361217
201903,<540,0.09763554778554778
201904,540-580,0.11981060707138093
201904,580-620,0.12178171665238503
201904,620-660,0.10592772497772499
201904,660-700,0.08195986271986272
201904,700-740,0.06310765783169771
201904,740+,0.04603339827846923
201904,<540,0.0923976911976912
201905,540-580,0.11983706154864329
201905,580-620,0.11947020145495243
201905,620-660,0.10248163062037564
201905,660-700,0.07742863004330977
201905,700-740,0.05612470097184151
201905,740+,0.038697407755380935
201905,<540,0.09304836309523809
201906,540-580,0.12094194029850745
201906,580-620,0.12120557831705012
201906,620-660,0.10387873860182371
201906,660-700,0.08116768057578613
201906,700-740,0.0613538744280249
201906,740+,0.04309056263327683
201906,<540,0.0929736301369863
201907,540-580,0.12043599397590361
201907,580-620,0.1207828085924976
201907,620-660,0.10328855154965212
201907,660-700,0.07882470227670753
201907,700-740,0.059869325620337956
201907,740+,0.04160514978825744
201907,<540,0.09416827956989247
201908,540-580,0.11846051602814699
201908,580-620,0.11976457430576747
201908,620-660,0.100987808526552
201908,660-700,0.07798464177763255
201908,700-740,0.057509858868136504
201908,740+,0.040289005235602096
201908,<540,0.09177588785046728
201909,540-580,0.11634264972776769
201909,580-620,0.11696246078773091
201909,620-660,0.09763756954102921
201909,660-700,0.07554377757258644
201909,700-740,0.05535203237570044
201909,740+,0.037996848550333154
201909,<540,0.09342710472279261
201910,540-580,0.1175682608695652
201910,580-620,0.11832656306469101
201910,620-660,0.09911094589752777
201910,660-700,0.07415549874904818
201910,700-740,0.05402041296866509
201910,740+,0.03638954616358125
201910,<540,0.09032475633528264
201911,540-580,0.12348717693836977
201911,580-620,0.12290861302062271
201911,620-660,0.10039577478532397
201911,660-700,0.07470642504118616
201911,700-740,0.053650575250210455
201911,740+,0.03541969791785186
201911,<540,0.09175494252873564
201912,540-580,0.11704667393675028
201912,580-620,0.12132160583941606
201912,620-660,0.09743282553852124
201912,660-700,0.07276618819776715
201912,700-740,0.0524236612824278
201912,740+,0.034496011891592925
201912,<540,0.07769767441860465
202001,540-580,0.12586668444444443
202001,580-620,0.12079576796789493
202001,620-660,0.09752224704755824
202001,660-700,0.0752604914355628
202001,700-740,0.05531223922448326
202001,740+,0.03692628342318424
202001,<540,0.09172978260869566
202002,540-580,0.12467538247566064
202002,580-620,0.1202612016618728
202002,620-660,0.0986826495857625
202002,660-700,0.0759854277539342
202002,700-740,0.056499776571975746
202002,740+,0.03725770910768062
202002,<540,0.0979903846153846
202003,540-580,0.12724821428571428
202003,580-620,0.12145199299338265
202003,620-660,0.09869165011037527
202003,660-700,0.0765174938695439
202003,700-740,0.05581952624555161
202003,740+,0.037470078836859204
202003,<540,0.10053333333333332
202004,540-580,0.12685583333333333
202004,580-620,0.11712171604938271
202004,620-660,0.08994449696969697
202004,660-700,0.06639572997254804
202004,700-740,0.04642268653372171
202004,740+,0.030546603557085487
202004,<540,0.08709794871794872
202005,540-580,0.10970617647058824
202005,580-620,0.1094469265756985
202005,620-660,0.09471722334004024
202005,660-700,0.0702720886203424
202005,700-740,0.048924257566865095
202005,740+,0.028139228998849252
202005,<540,0.07634724409448819
202006,540-580,0.09933659846547314
202006,580-620,0.10785873695771554
202006,620-660,0.09510588076974835
202006,660-700,0.07141147024137118
202006,700-740,0.04900494722439406
202006,740+,0.028490202407259392
202006,<540,0.07772433333333333
202007,540-580,0.10456745233968805
202007,580-620,0.10943125845737484
202007,620-660,0.09374219088684303
202007,660-700,0.07141133612565445
202007,700-740,0.04846433042170417
202007,740+,0.029892124916167277
202007,<540,0.07416884272997033
202008,540-580,0.11894739688359304
202008,580-620,0.11779970410435889
202008,620-660,0.0954308639223912
202008,660-700,0.07189980981595093
202008,700-740,0.05154084651398203
202008,740+,0.03189251899154876
202008,<540,0.08255652173913043
202009,540-580,0.1196902928127773
202009,580-620,0.12153657794676806
202009,620-660,0.0963324612216884
202009,660-700,0.07156739430894309
202009,700-740,0.05053321447757185
202009,740+,0.032034961080301405
202009,<540,0.08085164319248826
202010,540-580,0.11810068301225919
202010,580-620,0.12102118833385045
202010,620-660,0.09589991977225673
202010,660-700,0.07303220509226817
202010,700-740,0.05248256960408684
202010,740+,0.03434208656818962
202010,<540,0.08244483627204031
202011,540-580,0.12028685483870968
202011,580-620,0.11914611622962439
202011,620-660,0.09353619826756497
202011,660-700,0.0708118980763264
202011,700-740,0.04968487389737856
202011,740+,0.03208622405942464
202011,<540,0.07995509569377991
202012,540-580,0.11533269651741293
202012,580-620,0.11856601744186046
202012,620-660,0.09352214314381271
202012,660-700,0.07062693358208955
202012,700-740,0.04977166867979224
202012,740+,0.03192739189795401
202012,<540,0.07231433172302738
202101,540-580,0.12497078991596638
202101,580-620,0.12353939950644365
202101,620-660,0.09695725976054138
202101,660-700,0.07469853386303443
202101,700-740,0.0548234668307417
202101,740+,0.03556242568516144
202101,<540,0.08701932989690722
202102,540-580,0.12340189165186499
202102,580-620,0.12188429222258379
202102,620-660,0.09634483403582718
202102,660-700,0.07422769686250384
202102,700-740,0.05434745759302716
202102,740+,0.03570756254275383
202102,<540,0.08710637469586374
202103,540-580,0.12744519795062878
202103,580-620,0.12298538240368027
202103,620-660,0.09746944854537559
202103,660-700,0.07497242719991513
202103,700-740,0.05326930585372835
202103,740+,0.033359574706603605
202103,<540,0.09225625
202104,540-580,0.1256192320441989
202104,580-620,0.124065538317757
202104,620-660,0.09778526065531253
202104,660-700,0.07539887036443305
202104,700-740,0.05473891036386944
202104,740+,0.03550250196876861
202104,<540,0.08991827079934747
202105,540-580,0.12253497730711044
202105,580-620,0.12288943206326383
202105,620-660,0.096660202303746
202105,660-700,0.07395066913880895
202105,700-740,0.054017059996110464
202105,740+,0.03567784822068758
202105,<540,0.0853833260393873
202106,540-580,0.11841465160075329
202106,580-620,0.1201535513739546
202106,620-660,0.09550015421398685
202106,660-700,0.07417497079776651
202106,700-740,0.05458292252734986
202106,740+,0.03623038226472114
202106,<540,0.07916666666666666
202107,540-580,0.11949453692848769
202107,580-620,0.12203433434818711
202107,620-660,0.09521925661437602
202107,660-700,0.07317998146202805
202107,700-740,0.05416943869534594
202107,740+,0.03776769131773682
202107,<540,0.07773176136363637
202108,540-580,0.12275349104859334
202108,580-620,0.12129656170212766
202108,620-660,0.09322820834872553
202108,660-700,0.0703442199775533
202108,700-740,0.05150824440514666
202108,740+,0.036638514065335755
202108,<540,0.0744509831460674
202109,540-580,0.12418178142076503
202109,580-620,0.12354833333333333
202109,620-660,0.09664421289573046
202109,660-700,0.07277700678583252
202109,700-740,0.052785470743354
202109,740+,0.03633494168301722
202109,<540,0.07855974683544303
202110,540-580,0.12706738898756662
202110,580-620,0.12519659257612803
202110,620-660,0.10023617637121297
202110,660-700,0.07603584443370834
202110,700-740,0.0568016457009467
202110,740+,0.038026938975869375
202110,<540,0.08523341346153845
202111,540-580,0.12243090182648401
202111,580-620,0.12328267633816908
202111,620-660,0.09772119410085633
202111,660-700,0.07478492875356232
202111,700-740,0.05473100486668038
202111,740+,0.0358334304446542
202111,<540,0.07513929539295393
202112,540-580,0.12220934668071655
202112,580-620,0.11948894423791821
202112,620-660,0.09502477115574581
202112,660-700,0.07124345645726611
202112,700-740,0.04991993244731625
202112,740+,0.032151503915016706
202112,<540,0.07132615071283097
202201,540-580,0.12835983511953833
202201,580-620,0.11932730706610224
202201,620-660,0.0929802057735011
202201,660-700,0.07173917450278772
202201,700-740,0.05199692609502069
202201,740+,0.035290532310553235
202201,<540,0.07283741496598639
202202,540-580,0.13412285232067508
202202,580-620,0.12427757843435881
202202,620-660,0.09501154110078627
202202,660-700,0.07302259268621503
202202,700-740,0.05401350003655773
202202,740+,0.03770424392242557
202202,<540,0.07789460093896715
202203,540-580,0.1336097308662742
202203,580-620,0.12903454330475908
202203,620-660,0.09985543328550933
202203,660-700,0.07557758379888269
202203,700-740,0.05531179904574796
202203,740+,0.036544577589526374
202203,<540,0.08473820466786355
202204,540-580,0.1336452272727273
202204,580-620,0.13448328374357588
202204,620-660,0.10544098632199775
202204,660-700,0.0802394778332813
202204,700-740,0.05966616809116809
202204,740+,0.04190668476221449
202204,<540,0.0808004576659039
202205,540-580,0.12714202830188678
202205,580-620,0.1299666749226006
202205,620-660,0.10164993928070995
202205,660-700,0.0763043920955677
202205,700-740,0.055881655555555555
202205,740+,0.04011328656437781
202205,<540,0.08013988738738739
202206,540-580,0.13547732303732304
202206,580-620,0.13424214477211796
202206,620-660,0.10599496967071058
202206,660-700,0.08159421958259325
202206,700-740,0.059398959026440205
202206,740+,0.042321086866658794
202206,<540,0.089117182320442
202207,540-580,0.14014635220125787
202207,580-620,0.13656238186462324
202207,620-660,0.11285568718952281
202207,660-700,0.0888767219806549
202207,700-740,0.06785893194423624
202207,740+,0.04638033802893506
202207,<540,0.11229525691699604
202208,540-580,0.14091918191603875
202208,580-620,0.13553634788403865
202208,620-660,0.1105418574610245
202208,660-700,0.08876610383747179
202208,700-740,0.06722361587420442
202208,740+,0.046905947369807445
202208,<540,0.13231184210526314
202209,540-580,0.13788109557109557
202209,580-620,0.1313694731754471
202209,620-660,0.10806318666916308
202209,660-700,0.08800317796166335
202209,700-740,0.06723780496646728
202209,740+,0.04772185215553943
202209,<540,0.13275895953757227
202210,540-580,0.14669103194103195
202210,580-620,0.13762344976076554
202210,620-660,0.11516062367416206
202210,660-700,0.09411750946969698
202210,700-740,0.07305069414316702
202210,740+,0.05083545342201868
202210,<540,0.1365091463414634
202211,540-580,0.15076257790368272
202211,580-620,0.1431960825892857
202211,620-660,0.11661317576870124
202211,660-700,0.09654837333333334
202211,700-740,0.0747050184774575
202211,740+,0.056370397547903975
202211,<540,0.14634307142857142
202212,540-580,0.1512291144414169
202212,580-620,0.14404298603026774
202212,620-660,0.11520453313880784
202212,660-700,0.0949639642620781
202212,700-740,0.07410831346455965
202212,740+,0.056349249155624836
202212,<540,0.14554672413793104
202301,540-580,0.15713887287024902
202301,580-620,0.14660723966118583
202301,620-660,0.1208977607165707
202301,660-700,0.10245655764424644
202301,700-740,0.08170067768433405
202301,740+,0.06180152688172043
202301,<540,0.1529192546583851
202302,540-580,0.15972188552188551
202302,580-620,0.14920491177873152
202302,620-660,0.11689006552853941
202302,660-700,0.10054100587725215
202302,700-740,0.07917401268498943
202302,740+,0.05921703512801838
202302,<540,0.15527635467980297
202303,540-580,0.16462379963898915
202303,580-620,0.15019083426861204
202303,620-660,0.11613197188701764
202303,660-700,0.09954657203026285
202303,700-740,0.0746788423677648
202303,740+,0.05311389404653735
202303,<540,0.1569325892857143
202304,540-580,0.15612063593004769
202304,580-620,0.1429941627296588
202304,620-660,0.11635642477019836
202304,660-700,0.1013547797687351
202304,700-740,0.07777649682860528
202304,740+,0.05470361526717557
202304,<540,0.1503370786516854
202305,540-580,0.15551636690647483
202305,580-620,0.14340909627879503
202305,620-660,0.11636480364999185
202305,660-700,0.09954166804067052
202305,700-740,0.07777502092050209
202305,740+,0.05748947903909562
202305,<540,0.14917184466019417
202306,540-580,0.15488735470941886
202306,580-620,0.14351047495120364
202306,620-660,0.11542158258969222
202306,660-700,0.09938078816318711
202306,700-740,0.07727791088542411
202306,740+,0.057743127655824705
202306,<540,0.1522157894736842
202307,540-580,0.1565230607966457
202307,580-620,0.14320794947994056
202307,620-660,0.11713887030843553
202307,660-700,0.10144984123929567
202307,700-740,0.07929281106651377
202307,740+,0.05924778699471437
202307,<540,0.1475153846153846
202308,540-580,0.15723645569620254
202308,580-620,0.14788106812447435
202308,620-660,0.11787372682718944
202308,660-700,0.10351879135850525
202308,700-740,0.08241302772643253
202308,740+,0.0630655312197483
202308,<540,0.1512857142857143
202309,540-580,0.15583675
202309,580-620,0.14707036082474226
202309,620-660,0.12185953488372094
202309,660-700,0.10505002521653328
202309,700-740,0.08262387186200525
202309,740+,0.06344721383189252
202309,<540,0.14800823529411766
202310,540-580,0.15673410138248847
202310,580-620,0.15122999175597693
202310,620-660,0.1272344350132626
202310,660-700,0.1095738880154795
202310,700-740,0.08609986101459347
202310,740+,0.06332699911276929
202310,<540,0.15260459770114942
202311,540-580,0.16041913875598085
202311,580-620,0.1517
202311,620-660,0.12617932139994656
202311,660-700,0.11128316137566138
202311,700-740,0.08236442698455702
202311,740+,0.058544612674495906
202311,<540,0.15181666666666668
202312,540-580,0.16230413223140497
202312,580-620,0.14833195390781564
202312,620-660,0.12455903142115883
202312,660-700,0.1126926504088785
202312,700-740,0.08136817113402062
202312,740+,0.05679460531753685
202312,<540,0.15222073170731706
202401,540-580,0.16470457943925235
202401,580-620,0.1554576494845361
202401,620-660,0.12746505885997522
202401,660-700,0.11397126504116528
202401,700-740,0.08841469710055522
202401,740+,0.06481574646987866
202401,<540,0.16171694915254237
202402,540-580,0.1615323113207547
202402,580-620,0.153384031496063
202402,620-660,0.12425735088832487
202402,660-700,0.11310522679692953
202402,700-740,0.08869157721280603
202402,740+,0.06369302611557928
202402,<540,0.15964358974358975
202403,540-580,0.16512200000000002
202403,580-620,0.15787716954022987
202403,620-660,0.12067579931136252
202403,660-700,0.11427895050412466
202403,700-740,0.0893326563872353
202403,740+,0.061834578982448346
202403,<540,0.15481428571428574
202404,540-580,0.1488440909090909
202404,580-620,0.16179152712659076
202404,620-660,0.1255443338295497
202404,660-700,0.11540638562973732
202404,700-740,0.09246720785177032
202404,740+,0.06655510203563632
202404,<540,0.1449668
202405,540-580,0.18355173913043477
202405,580-620,0.16318402181322428
202405,620-660,0.12689975453172206
202405,660-700,0.11629350406350407
202405,700-740,0.09040146472164334
202405,740+,0.06549261072685354
202405,<540,0.1506931818181818
202406,540-580,0.1852470588235294
202406,580-620,0.16250440298507463
202406,620-660,0.12268252658884565
202406,660-700,0.11462315307820299
202406,700-740,0.08663136562422642
202406,740+,0.06335600276478094
202406,<540,0.11737142857142857
202407,540-580,0.18632930693069308
202407,580-620,0.1693883598937583
202407,620-660,0.13364102059086838
202407,660-700,0.11894804002683364
202407,700-740,0.08667302135149614
202407,740+,0.06162116159620703
202407,<540,0.18310583333333333
202408,540-580,0.18434890756302522
202408,580-620,0.1710080689206762
202408,620-660,0.1373488886379038
202408,660-700,0.12061421463632306
202408,700-740,0.08680497687817453
202408,740+,0.06298442421919907
202408,<540,0.1597522222222222
202409,540-580,0.14169933333333334
202409,580-620,0.16190475073313781
202409,620-660,0.12337708793300342
202409,660-700,0.10992336729820093
202409,700-740,0.08156850228500208
202409,740+,0.06288711830985916
202409,<540,0.16086583333333335
202410,540-580,0.18565
202410,580-620,0.15985989167230874
202410,620-660,0.13273879009433961
202410,660-700,0.11491566662709249
202410,700-740,0.08398444368131869
202410,740+,0.06046212241228496
202410,<540,0.15571266666666667
202411,540-580,0.21915071428571428
202411,580-620,0.16285437538086533
202411,620-660,0.13509157676348546
202411,660-700,0.10974535831134564
202411,700-740,0.07954661153227659
202411,740+,0.05523595427737581
202411,<540,0.17326166666666667
202412,540-580,0.19831317073170734
202412,580-620,0.17254553956834534
202412,620-660,0.12043028616024973
202412,660-700,0.10549685265351932
202412,700-740,0.07262249243976197
202412,740+,0.05389105309909198
202412,<540,0.190545
202501,540-580,0.2095461095890411
202501,580-620,0.18339063492063493
202501,620-660,0.14441597697368422
202501,660-700,0.11825373661148979
202501,700-740,0.0875108121780721
202501,740+,0.06427046219196579
202501,<540,0.19727782608695651
202502,540-580,0.20947701711491443
202502,580-620,0.18211333027522936
202502,620-660,0.14323440806781643
202502,660-700,0.11891626218207749
202502,700-740,0.088947329742877
202502,740+,0.06409177398972925
202502,<540,0.20089269999999998
202503,540-580,0.2002014705882353
202503,580-620,0.1776802652519894
202503,620-660,0.13086308118682752
202503,660-700,0.1146954485802911
202503,700-740,0.08079256945971702
202503,740+,0.06036772520310687
202503,<540,0.2024394495412844
202504,540-580,0.1933960217983651
202504,580-620,0.16705987714987713
202504,620-660,0.12995470927187008
202504,660-700,0.11701969404962659
202504,700-740,0.08702303035635724
202504,740+,0.06516574083690929
202504,<540,0.19066634453781514
202505,540-580,0.19658877750611248
202505,580-620,0.16953222567287787
202505,620-660,0.1351227507238747
202505,660-700,0.1153402824360106
202505,700-740,0.09106705212645841
202505,740+,0.06645833304809173
202505,<540,0.18639641221374045
202506,540-580,0.18205031872509958
202506,580-620,0.16511834797891037
202506,620-660,0.13330663838383838
202506,660-700,0.11055868902829344
202506,700-740,0.08873887594024792
202506,740+,0.06315841947392709
202506,<540,0.18879159420289854
202507,540-580,0.18035540796963945
202507,580-620,0.16265824636441403
202507,620-660,0.13235634809821858
202507,660-700,0.11208564539007092
202507,700-740,0.08800188546637744
202507,740+,0.06448638943167745
202507,<540,0.18305447811447811
202508,540-580,0.1789257125
202508,580-620,0.160822959251837
202508,620-660,0.1349736169244768
202508,660-700,0.11624683187560739
202508,700-740,0.08719781503168365
202508,740+,0.0658446783147809
202508,<540,0.18651579295154183
202509,540-580,0.18064454773869346
202509,580-620,0.15721883040935672
202509,620-660,0.13474978470675575
202509,660-700,0.11329680211236615
202509,700-740,0.08554950291036088
202509,740+,0.06448798869843662
202509,<540,0.18332975510204083
202510,540-580,0.18065560402684563
202510,580-620,0.16134161477572562
202510,620-660,0.13868773703876694
202510,660-700,0.11500497219921921
202510,700-740,0.08742648303432138
202510,740+,0.0693039567028774
202510,<540,0.18729667282809612
202511,540-580,0.0948
202511,580-620,0.08159090909090909
202511,620-660,0.13943568965517242
202511,660-700,0.11791058673469389
202511,700-740,0.07062424446842958
202511,740+,0.06461769642061488
202511,<540,0.10149999999999999
202512,540-580,0.09745
202512,580-620,0.091275
202512,620-660,0.13625171026156943
202512,660-700,0.1213275255623722
202512,700-740,0.07201961597542242
202512,740+,0.0650963993598862
202512,<540,0.09346666666666666
202601,620-660,0.1404198458574181
202601,660-700,0.12413368896183832
202601,700-740,0.09837933130699088
202601,740+,0.06898215656996587
202602,620-660,0.13393171641791046
202602,660-700,0.12202770491803278
202602,700-740,0.0976014531043593
202602,740+,0.06812502402460119
